1	vacuum1.jpg	First Vacuum	Here is a great vacuum for you
2	vacuum2.jpg	Second Vacuum	But this one is better for you
3	vacuum1.jpg	First Vacuum	Here is a great vacuum for you
4	vacuum2.jpg	Second Vacuum	But this one is better for you
5	vacuum1.jpg	First Vacuum	Here is a great vacuum for you
6	vacuum2.jpg	Second Vacuum	But this one is better for you
7	vacuum1.jpg	First Vacuum	Here is a great vacuum for you
8	vacuum2.jpg	Second Vacuum	But this one is better for you
9	vacuum1.jpg	First Vacuum	Here is a great vacuum for you
10	vacuum2.jpg	Second Vacuum	But this one is better for you
11	vacuum1.jpg	First Vacuum	Here is a great vacuum for you
12	vacuum2.jpg	Second Vacuum	But this one is better for you
13	vacuum1.jpg	First Vacuum	Here is a great vacuum for you
14	vacuum2.jpg	Second Vacuum	But this one is better for you
15	vacuum1.jpg	First Vacuum	Here is a great vacuum for you
16	vacuum2.jpg	Second Vacuum	But this one is better for you
17	vacuum1.jpg	First Vacuum	Here is a great vacuum for you
18	vacuum2.jpg	Second Vacuum	But this one is better for you
19	vacuum1.jpg	First Vacuum	Here is a great vacuum for you
20	vacuum2.jpg	Second Vacuum	But this one is better for you
21	vacuum1.jpg	First Vacuum	Here is a great vacuum for you
22	vacuum2.jpg	Second Vacuum	But this one is better for you
23	vacuum1.jpg	First Vacuum	Here is a great vacuum for you
24	vacuum2.jpg	Second Vacuum	But this one is better for you
25	vacuum1.jpg	First Vacuum	Here is a great vacuum for you
26	vacuum2.jpg	Second Vacuum	But this one is better for you
27	vacuum1.jpg	First Vacuum	Here is a great vacuum for you
28	vacuum2.jpg	Second Vacuum	But this one is better for you
29	vacuum1.jpg	First Vacuum	Here is a great vacuum for you
30	vacuum2.jpg	Second Vacuum	But this one is better for you
31	vacuum1.jpg	First Vacuum	Here is a great vacuum for you
32	vacuum2.jpg	Second Vacuum	But this one is better for you
33	vacuum1.jpg	First Vacuum	Here is a great vacuum for you
34	vacuum2.jpg	Second Vacuum	But this one is better for you
35	vacuum1.jpg	First Vacuum	Here is a great vacuum for you
36	vacuum2.jpg	Second Vacuum	But this one is better for you
37	vacuum1.jpg	First Vacuum	Here is a great vacuum for you
38	vacuum2.jpg	Second Vacuum	But this one is better for you
39	vacuum1.jpg	First Vacuum	Here is a great vacuum for you
40	vacuum2.jpg	Second Vacuum	But this one is better for you
41	vacuum1.jpg	First Vacuum	Here is a great vacuum for you
42	vacuum2.jpg	Second Vacuum	But this one is better for you
43	vacuum1.jpg	First Vacuum	Here is a great vacuum for you
44	vacuum2.jpg	Second Vacuum	But this one is better for you
45	vacuum1.jpg	First Vacuum	Here is a great vacuum for you
46	vacuum2.jpg	Second Vacuum	But this one is better for you
47	vacuum1.jpg	First Vacuum	Here is a great vacuum for you
48	vacuum2.jpg	Second Vacuum	But this one is better for you
49	vacuum1.jpg	First Vacuum	Here is a great vacuum for you
50	vacuum2.jpg	Second Vacuum	But this one is better for you
51	vacuum1.jpg	First Vacuum	Here is a great vacuum for you
52	vacuum2.jpg	Second Vacuum	But this one is better for you
53	vacuum1.jpg	First Vacuum	Here is a great vacuum for you
54	vacuum2.jpg	Second Vacuum	But this one is better for you
55	vacuum1.jpg	First Vacuum	Here is a great vacuum for you
56	vacuum2.jpg	Second Vacuum	But this one is better for you
57	vacuum1.jpg	First Vacuum	Here is a great vacuum for you
58	vacuum2.jpg	Second Vacuum	But this one is better for you
59	vacuum1.jpg	First Vacuum	Here is a great vacuum for you
60	vacuum2.jpg	Second Vacuum	But this one is better for you
61	vacuum1.jpg	First Vacuum	Here is a great vacuum for you
62	vacuum2.jpg	Second Vacuum	But this one is better for you
63	vacuum1.jpg	First Vacuum	Here is a great vacuum for you
64	vacuum2.jpg	Second Vacuum	But this one is better for you
65	vacuum1.jpg	First Vacuum	Here is a great vacuum for you
66	vacuum2.jpg	Second Vacuum	But this one is better for you
67	vacuum1.jpg	First Vacuum	Here is a great vacuum for you
68	vacuum2.jpg	Second Vacuum	But this one is better for you
69	vacuum1.jpg	First Vacuum	Here is a great vacuum for you
70	vacuum2.jpg	Second Vacuum	But this one is better for you
71	vacuum1.jpg	First Vacuum	Here is a great vacuum for you
72	vacuum2.jpg	Second Vacuum	But this one is better for you
73	vacuum1.jpg	First Vacuum	Here is a great vacuum for you
74	vacuum2.jpg	Second Vacuum	But this one is better for you
75	vacuum1.jpg	First Vacuum	Here is a great vacuum for you
76	vacuum2.jpg	Second Vacuum	But this one is better for you
77	vacuum1.jpg	First Vacuum	Here is a great vacuum for you
78	vacuum2.jpg	Second Vacuum	But this one is better for you
79	vacuum1.jpg	First Vacuum	Here is a great vacuum for you
80	vacuum2.jpg	Second Vacuum	But this one is better for you
81	vacuum1.jpg	First Vacuum	Here is a great vacuum for you
82	vacuum2.jpg	Second Vacuum	But this one is better for you
83	vacuum1.jpg	First Vacuum	Here is a great vacuum for you
84	vacuum2.jpg	Second Vacuum	But this one is better for you
85	vacuum1.jpg	First Vacuum	Here is a great vacuum for you
86	vacuum2.jpg	Second Vacuum	But this one is better for you
87	vacuum1.jpg	First Vacuum	Here is a great vacuum for you
88	vacuum2.jpg	Second Vacuum	But this one is better for you
89	vacuum1.jpg	First Vacuum	Here is a great vacuum for you
90	vacuum2.jpg	Second Vacuum	But this one is better for you
91	vacuum1.jpg	First Vacuum	Here is a great vacuum for you
92	vacuum2.jpg	Second Vacuum	But this one is better for you
93	vacuum1.jpg	First Vacuum	Here is a great vacuum for you
94	vacuum2.jpg	Second Vacuum	But this one is better for you
95	vacuum1.jpg	First Vacuum	Here is a great vacuum for you
96	vacuum2.jpg	Second Vacuum	But this one is better for you
97	vacuum1.jpg	First Vacuum	Here is a great vacuum for you
98	vacuum2.jpg	Second Vacuum	But this one is better for you
99	vacuum1.jpg	First Vacuum	Here is a great vacuum for you
100	vacuum2.jpg	Second Vacuum	But this one is better for you
